{"cameraMode":{"drawMode":0,"name":"Shaded","section":"Shading Mode"},"sceneLighting":false,"audioPlay":false,"sceneViewState":{"m_AlwaysRefresh":false,"showFog":true,"showSkybox":false,"showFlares":true,"showImageEffects":true,"showParticleSystems":true,"showVisualEffectGraphs":true,"m_FxEnabled":true},"in2DMode":false,"pivot":{"x":-0.05559819936752319,"y":0.5407499670982361,"z":-0.001178443431854248},"rotation":{"x":-0.0028437140863388778,"y":-0.9860793948173523,"z":0.1660262793302536,"w":-0.015993516892194749},"size":0.7179423570632935,"orthographic":true}