{"cameraMode":{"drawMode":0,"name":"Shaded","section":"Shading Mode"},"sceneLighting":false,"audioPlay":false,"sceneViewState":{"m_AlwaysRefresh":false,"showFog":true,"showSkybox":false,"showFlares":true,"showImageEffects":true,"showParticleSystems":true,"showVisualEffectGraphs":true,"m_FxEnabled":true},"in2DMode":false,"pivot":{"x":0.0031647980213165285,"y":0.7425131797790527,"z":-0.02228386700153351},"rotation":{"x":-0.010131249204277993,"y":0.9202602505683899,"z":-0.02373630367219448,"w":-0.39057713747024538},"size":1.0289528369903565,"orthographic":false}