{"cameraMode":{"drawMode":0,"name":"Shaded","section":"Shading Mode"},"sceneLighting":false,"audioPlay":false,"sceneViewState":{"m_AlwaysRefresh":false,"showFog":true,"showSkybox":false,"showFlares":true,"showImageEffects":true,"showParticleSystems":true,"showVisualEffectGraphs":true,"m_FxEnabled":true},"in2DMode":false,"pivot":{"x":2.386301279067993,"y":2.814516544342041,"z":-8.96603012084961},"rotation":{"x":0.0027017751708626749,"y":-0.9929191470146179,"z":0.11702457070350647,"w":0.025906164199113847},"size":0.8660253882408142,"orthographic":true}