{"cameraMode":{"drawMode":0,"name":"Shaded","section":"Shading Mode"},"sceneLighting":false,"audioPlay":false,"sceneViewState":{"m_AlwaysRefresh":false,"showFog":true,"showSkybox":false,"showFlares":true,"showImageEffects":true,"showParticleSystems":true,"showVisualEffectGraphs":true,"m_FxEnabled":true},"in2DMode":false,"pivot":{"x":0.6375703811645508,"y":-0.35223326086997988,"z":1.529109001159668},"rotation":{"x":0.25517016649246218,"y":-0.7364587187767029,"z":0.37237024307250979,"w":0.5039892196655273},"size":5.108586311340332,"orthographic":true}