{"cameraMode":{"drawMode":0,"name":"Shaded","section":"Shading Mode"},"sceneLighting":true,"audioPlay":false,"sceneViewState":{"m_AlwaysRefresh":false,"showFog":true,"showSkybox":true,"showFlares":true,"showImageEffects":true,"showParticleSystems":true,"showVisualEffectGraphs":true,"m_FxEnabled":true},"in2DMode":false,"pivot":{"x":1.3308708667755128,"y":2.0603113174438478,"z":11.946953773498536},"rotation":{"x":0.4505561292171478,"y":-0.05475969240069389,"z":0.02806364931166172,"w":0.8907552361488342},"size":5.152745723724365,"orthographic":true}