{"cameraMode":{"drawMode":0,"name":"Shaded","section":"Shading Mode"},"sceneLighting":true,"audioPlay":false,"sceneViewState":{"m_AlwaysRefresh":false,"showFog":true,"showSkybox":true,"showFlares":true,"showImageEffects":true,"showParticleSystems":true,"showVisualEffectGraphs":true,"m_FxEnabled":true},"in2DMode":false,"pivot":{"x":-7.0286946296691898,"y":1.8794426918029786,"z":8.51040267944336},"rotation":{"x":0.10388605296611786,"y":-0.31934380531311037,"z":0.03491188958287239,"w":0.9413561820983887},"size":3.414414167404175,"orthographic":true}