{"cameraMode":{"drawMode":0,"name":"Shaded","section":"Shading Mode"},"sceneLighting":true,"audioPlay":false,"sceneViewState":{"m_AlwaysRefresh":false,"showFog":true,"showSkybox":true,"showFlares":true,"showImageEffects":true,"showParticleSystems":true,"showVisualEffectGraphs":true,"m_FxEnabled":true},"in2DMode":false,"pivot":{"x":1833.1802978515625,"y":862.247314453125,"z":0.10198754072189331},"rotation":{"x":-0.0015704757533967496,"y":-0.9988948106765747,"z":0.03627314418554306,"w":-0.0339178629219532},"size":1492.4163818359375,"orthographic":true}