{"cameraMode":{"drawMode":0,"name":"Shaded","section":"Shading Mode"},"sceneLighting":true,"audioPlay":false,"sceneViewState":{"m_AlwaysRefresh":false,"showFog":true,"showSkybox":true,"showFlares":true,"showImageEffects":true,"showParticleSystems":true,"showVisualEffectGraphs":true,"m_FxEnabled":true},"in2DMode":false,"pivot":{"x":-4.3639235496521,"y":0.06970993429422379,"z":4.9499993324279789},"rotation":{"x":0.4845448434352875,"y":-0.0077147833071649078,"z":0.004779208917170763,"w":0.8748465776443481},"size":4.952721118927002,"orthographic":true}