{"cameraMode":{"drawMode":0,"name":"Shaded","section":"Shading Mode"},"sceneLighting":true,"audioPlay":false,"sceneViewState":{"m_AlwaysRefresh":false,"showFog":true,"showSkybox":true,"showFlares":true,"showImageEffects":true,"showParticleSystems":true,"showVisualEffectGraphs":true,"m_FxEnabled":true},"in2DMode":false,"pivot":{"x":51.599998474121097,"y":42.29999923706055,"z":22.600000381469728},"rotation":{"x":0.32713672518730166,"y":-0.6664061546325684,"z":0.4151534140110016,"w":0.5261339545249939},"size":117.84097290039063,"orthographic":true}