{"cameraMode":{"drawMode":0,"name":"Shaded","section":"Shading Mode"},"sceneLighting":true,"audioPlay":false,"sceneViewState":{"m_AlwaysRefresh":false,"showFog":true,"showSkybox":true,"showFlares":true,"showImageEffects":true,"showParticleSystems":true,"showVisualEffectGraphs":true,"m_FxEnabled":true},"in2DMode":false,"pivot":{"x":-2.8189139366149904,"y":3.9561946392059328,"z":6.797834873199463},"rotation":{"x":-0.03827088698744774,"y":-0.9538773894309998,"z":0.1386307328939438,"w":-0.26370158791542055},"size":20.498098373413087,"orthographic":false}